subject,message
"Urgent YONO Alert","Dear SBI Customer, your YONO account has been suspended due to pending PAN KYC. Click http://sbi-kyc-update.xyz/verify immediately to avoid permanent deactivation."
"Weekend Meeting","Hey Rahul, are we still meeting at the library at 4 PM today for the Python project discussion?"
"KBC Lucky Draw","Congratulations! Your mobile number has won Rs 25,00,000 in KBC Kaun Banega Crorepati WhatsApp Lucky Draw. Call Rana Pratap Singh on +919876543210 to claim prize."
"Power Cut Notice","Dear consumer, your electricity power will be disconnected tonight at 9:30 PM because your previous month bill was not updated. Please call electricity officer at 9876543210 immediately."
"Swiggy Delivery Update","Your Swiggy order from Domino's Pizza has been picked up by delivery partner Ramesh. Track live on the app."
"Work From Home Opportunity","Part time job offer: Work from home daily 1-2 hours and earn Rs 3000 to Rs 8000 daily by liking YouTube videos and Google reviews. Telegram @hr_priya_recruiter"
"Unauthorized Debit Notice","Your OTP for transaction of Rs 49,999 is 849201. If not done by you, immediately share this OTP with customer care officer on +919123456789 to cancel."
"College Lecture Reschedule","Class Notice: Tomorrow's Computer Networks lecture by Prof. Sharma is rescheduled to 2:00 PM in Seminar Hall 2."
"Amazon Mega Sale","Amazon Great Indian Festival: Flat 60% off on electronics and laptops. Valid till midnight. Shop now at https://amazon.in"
"HDFC NetBanking Blocked","HDFC Bank Alert: Your NetBanking account is locked. Please update your Aadhaar & PAN at http://hdfc-netbanking-kyc.top/login within 24 hours to avoid penalty."
